index,coordinates,distance,last_raided,next_check
tile_110_8,"(110, 8)",47.1,1758678808.0,1758700563.226098
tile_106_7,"(106, 7)",43.2,1758678808.0,1758700563.6580768
tile_106_12,"(106, 12)",43.0,1758678808.0,1758700564.091388
tile_106_17,"(106, 17)",43.4,1758678966.0,1758678808.0
tile_106_18,"(106, 18)",43.6,1758678808.0,1758700569.2646587
tile_106_30,"(106, 30)",47.0,1758678971.0,1758678808.0
tile_106_34,"(106, 34)",48.8,1758678976.0,1758678808.0
tile_106_36,"(106, 36)",49.7,1758678808.0,1758700579.3146083
tile_105_10,"(105, 10)",42.0,1758678808.0,1758700579.7401295
tile_105_17,"(105, 17)",42.4,1758678808.0,1759283780.1552067
tile_105_21,"(105, 21)",43.2,1758678808.0,1758700580.5907683
tile_105_23,"(105, 23)",43.7,1758678982.0,1758678808.0
tile_105_30,"(105, 30)",46.1,1758678987.0,1758678808.0
tile_105_33,"(105, 33)",47.4,1758678808.0,1758700590.6159425
tile_106_-13,"(106, -13)",49.2,1758678992.0,1758678808.0
tile_106_0,"(106, 0)",44.4,1758678808.0,1758700595.88549
tile_104_-4,"(104, -4)",43.7,1758678808.0,1758700596.3191152
tile_104_3,"(104, 3)",41.8,1758678808.0,1758700596.7529116
tile_104_14,"(104, 14)",41.1,1758678999.0,1758678808.0
tile_104_20,"(104, 20)",42.0,1758678808.0,1758700601.9434114
tile_104_32,"(104, 32)",46.1,1758678808.0,1758700602.3576837
tile_105_0,"(105, 0)",43.4,1758678808.0,1758700602.791401
tile_105_1,"(105, 1)",43.2,1758678808.0,1758700603.2084684
tile_105_3,"(105, 3)",42.8,1758678808.0,1758700603.6536922
tile_111_-2,"(111, -2)",49.7,1758678808.0,1758700604.0758996
tile_103_-16,"(103, -16)",48.3,1758678808.0,1758700604.5570173
tile_103_-1,"(103, -1)",41.8,1758678808.0,1758700604.9936392
tile_103_1,"(103, 1)",41.2,1758678808.0,1758700605.3960474
tile_103_6,"(103, 6)",40.3,1758679007.0,1758678808.0
tile_103_7,"(103, 7)",40.2,1758679012.0,1758678808.0
tile_103_28,"(103, 28)",43.5,1758679017.0,1758678808.0
tile_104_-10,"(104, -10)",46.1,1758678808.0,1758700620.1897733
tile_110_22,"(110, 22)",48.3,1758679022.0,1758678808.0
tile_25_26,"(25, 26)",40.9,1758679027.0,1758678808.0
tile_25_39,"(25, 39)",47.2,1758679032.0,1758678808.0
tile_26_-19,"(26, -19)",47.6,1758678808.0,1758700634.970082
tile_26_-17,"(26, -17)",46.4,1758678808.0,1758700635.4150553
tile_26_36,"(26, 36)",44.7,1758678808.0,1758700635.853756
tile_27_-19,"(27, -19)",46.9,1758678808.0,1758700636.2860272
tile_27_-7,"(27, -7)",40.2,1758679038.0,1758678808.0
tile_24_13,"(24, 13)",39.1,1758679043.0,1758678808.0
tile_24_23,"(24, 23)",40.8,1758679048.0,1758678808.0
tile_24_33,"(24, 33)",44.8,1758679053.0,1758678808.0
tile_24_36,"(24, 36)",46.3,1758678808.0,1759283855.9552069
tile_25_-19,"(25, -19)",48.4,1758678808.0,1758700656.3877857
tile_25_-5,"(25, -5)",41.2,1758678808.0,1758700656.8718176
tile_25_2,"(25, 2)",39.1,1758678808.0,1758700657.306063
tile_25_8,"(25, 8)",38.1,1758679059.0,1758678808.0
tile_21_34,"(21, 34)",47.9,1758679064.0,1758678808.0
tile_21_37,"(21, 37)",49.4,1758679069.0,1758678808.0
tile_22_-7,"(22, -7)",44.8,1758678808.0,1758700672.219136
tile_22_13,"(22, 13)",41.0,1758679074.0,1758678808.0
tile_22_33,"(22, 33)",46.5,1758678808.0,1758678808.0
tile_24_-12,"(24, -12)",45.3,1758678808.0,1758678808.0
tile_24_-5,"(24, -5)",42.2,1758678808.0,1758678808.0
tile_24_11,"(24, 11)",39.0,1758678808.0,1758678808.0
tile_112_16,"(112, 16)",49.3,1758678808.0,1758678808.0
tile_20_4,"(20, 4)",43.6,1758678808.0,1758678808.0
tile_20_11,"(20, 11)",43.0,1758678808.0,1758678808.0
tile_20_24,"(20, 24)",44.9,1758678808.0,1758678808.0
tile_20_25,"(20, 25)",45.2,1758678808.0,1758678808.0
tile_21_11,"(21, 11)",42.0,1758678808.0,1758678808.0
tile_21_23,"(21, 23)",43.7,1758678808.0,1758678808.0
tile_21_33,"(21, 33)",47.4,1758678808.0,1758678808.0
tile_41_-33,"(41, -33)",49.2,1758678808.0,1758678808.0
tile_41_-18,"(41, -18)",36.4,1758678808.0,1758678808.0
tile_41_-15,"(41, -15)",34.1,1758678808.0,1758678808.0
tile_41_8,"(41, 8)",22.2,1758678808.0,1758700552.1977744
tile_41_37,"(41, 37)",34.1,1758678808.0,1758678808.0
tile_41_43,"(41, 43)",38.8,1758678808.0,1758678808.0
tile_42_-17,"(42, -17)",35.0,1758678808.0,1758678808.0
tile_42_-10,"(42, -10)",29.7,1758678808.0,1758678808.0
tile_39_-4,"(39, -4)",28.3,1758678808.0,1758678808.0
tile_39_17,"(39, 17)",24.7,1758678808.0,1758700552.6391065
tile_39_18,"(39, 18)",25.0,1758678808.0,1758678808.0
tile_39_31,"(39, 31)",31.2,1758678808.0,1758678808.0
tile_40_-9,"(40, -9)",30.5,1758678808.0,1758678808.0
tile_40_-2,"(40, -2)",26.4,1758678808.0,1758678808.0
tile_110_3,"(110, 3)",47.7,1758678808.0,1758678808.0
tile_110_7,"(110, 7)",47.2,1758678808.0,1758678808.0
tile_37_12,"(37, 12)",26.0,1758678808.0,1758678808.0
tile_37_14,"(37, 14)",26.2,1758678808.0,1758678808.0
tile_37_28,"(37, 28)",31.1,1758678808.0,1758678808.0
tile_37_39,"(37, 39)",38.2,1758678808.0,1758678808.0
tile_38_11,"(38, 11)",25.0,1758678808.0,1758678808.0
tile_38_14,"(38, 14)",25.2,1758678808.0,1758678808.0
tile_38_19,"(38, 19)",26.2,1758678808.0,1758678808.0
tile_39_-12,"(39, -12)",33.2,1758678808.0,1758678808.0
tile_35_6,"(35, 6)",28.4,1758678808.0,1758678808.0
tile_35_10,"(35, 10)",28.0,1758678808.0,1758678808.0
tile_35_25,"(35, 25)",31.3,1758678808.0,1758678808.0
tile_36_26,"(36, 26)",30.9,1758678808.0,1758678808.0
tile_36_32,"(36, 32)",34.2,1758678808.0,1758678808.0
tile_36_40,"(36, 40)",39.6,1758678808.0,1758678808.0
tile_37_-27,"(37, -27)",46.0,1758678808.0,1758678808.0
tile_37_-10,"(37, -10)",33.4,1758678808.0,1758678808.0
tile_45_41,"(45, 41)",35.0,1758678808.0,1758678808.0
tile_46_-29,"(46, -29)",43.5,1758678808.0,1758678808.0
tile_46_-26,"(46, -26)",40.7,1758678808.0,1758678808.0
tile_46_-25,"(46, -25)",39.8,1758678808.0,1758678808.0
tile_46_-23,"(46, -23)",38.0,1758678808.0,1758678808.0
tile_46_16,"(46, 16)",17.7,1758678808.0,1758678808.0
tile_46_30,"(46, 30)",25.5,1758678808.0,1758678808.0
tile_46_37,"(46, 37)",31.1,1758678808.0,1758678808.0
tile_44_36,"(44, 36)",31.4,1758678808.0,1758678808.0
tile_45_-33,"(45, -33)",47.5,1758678808.0,1758678808.0
tile_45_-23,"(45, -23)",38.5,1758678808.0,1758678808.0
tile_45_-14,"(45, -14)",30.8,1758678808.0,1758678808.0
tile_45_-7,"(45, -7)",25.5,1758678808.0,1758678808.0
tile_45_3,"(45, 3)",19.7,1758678808.0,1758678808.0
tile_45_9,"(45, 9)",18.1,1758678808.0,1758678808.0
tile_45_37,"(45, 37)",31.6,1758678808.0,1758678808.0
tile_43_-7,"(43, -7)",26.9,1758678808.0,1758678808.0
tile_43_0,"(43, 0)",22.8,1758678808.0,1758678808.0
tile_43_30,"(43, 30)",27.6,1758678808.0,1758678808.0
tile_44_-25,"(44, -25)",40.7,1758678808.0,1758678808.0
tile_44_-7,"(44, -7)",26.2,1758678808.0,1758678808.0
tile_44_-1,"(44, -1)",22.5,1758678808.0,1758678808.0
tile_44_9,"(44, 9)",19.1,1758678808.0,1758678808.0
tile_44_28,"(44, 28)",25.5,1758678808.0,1758678808.0
tile_42_8,"(42, 8)",21.2,1758678808.0,1758678808.0
tile_42_15,"(42, 15)",21.4,1758678808.0,1758678808.0
tile_42_36,"(42, 36)",32.6,1758678808.0,1758678808.0
tile_42_43,"(42, 43)",38.3,1758678808.0,1758678808.0
tile_42_44,"(42, 44)",39.1,1758678808.0,1758678808.0
tile_43_-18,"(43, -18)",35.2,1758678808.0,1758678808.0
tile_43_-14,"(43, -14)",32.0,1758678808.0,1758678808.0
tile_43_-9,"(43, -9)",28.3,1758678808.0,1758678808.0
tile_50_17,"(50, 17)",14.3,1758678808.0,1758678808.0
tile_50_22,"(50, 22)",17.0,1758678808.0,1758678808.0
tile_50_28,"(50, 28)",21.4,1758678808.0,1758678808.0
tile_50_30,"(50, 30)",23.0,1758678808.0,1758678808.0
tile_50_37,"(50, 37)",29.1,1758678808.0,1758678808.0
tile_51_-33,"(51, -33)",45.6,1758678808.0,1758678808.0
tile_51_-28,"(51, -28)",40.8,1758678808.0,1758678808.0
tile_51_-4,"(51, -4)",19.2,1758678808.0,1758678808.0
tile_49_-24,"(49, -24)",37.7,1758678808.0,1758678808.0
tile_49_-22,"(49, -22)",35.8,1758678808.0,1758678808.0
tile_49_-2,"(49, -2)",19.1,1758678808.0,1758678808.0
tile_49_3,"(49, 3)",16.1,1758678808.0,1758678808.0
tile_49_7,"(49, 7)",14.6,1758678808.0,1758678808.0
tile_49_11,"(49, 11)",14.0,1758678808.0,1758678808.0
tile_50_-27,"(50, -27)",40.2,1758678808.0,1758678808.0
tile_50_4,"(50, 4)",14.8,1758678808.0,1758678808.0
tile_48_-14,"(48, -14)",29.2,1758678808.0,1758678808.0
tile_48_-13,"(48, -13)",28.3,1758678808.0,1758678808.0
tile_48_12,"(48, 12)",15.0,1758678808.0,1758678808.0
tile_48_19,"(48, 19)",17.0,1758678808.0,1758678808.0
tile_48_22,"(48, 22)",18.6,1758678808.0,1758678808.0
tile_48_38,"(48, 38)",30.9,1758678808.0,1758678808.0
tile_49_-32,"(49, -32)",45.2,1758678808.0,1758678808.0
tile_49_-26,"(49, -26)",39.6,1758678808.0,1758678808.0
tile_47_-35,"(47, -35)",48.7,1758678808.0,1758678808.0
tile_47_-28,"(47, -28)",42.2,1758678808.0,1758678808.0
tile_47_-4,"(47, -4)",21.9,1758678808.0,1758678808.0
tile_47_2,"(47, 2)",18.4,1758678808.0,1758678808.0
tile_47_7,"(47, 7)",16.5,1758678808.0,1758678808.0
tile_47_18,"(47, 18)",17.5,1758678808.0,1758678808.0
tile_48_-36,"(48, -36)",49.3,1758678808.0,1758678808.0
tile_48_-35,"(48, -35)",48.4,1758678808.0,1758678808.0
tile_55_9,"(55, 9)",8.2,1758678808.0,1758678808.0
tile_55_19,"(55, 19)",11.3,1758678808.0,1758678808.0
tile_55_22,"(55, 22)",13.6,1758678808.0,1758678808.0
tile_55_39,"(55, 39)",29.1,1758678808.0,1758678808.0
tile_56_-35,"(56, -35)",46.5,1758678808.0,1758678808.0
tile_56_-24,"(56, -24)",35.7,1758678808.0,1758678808.0
tile_56_-23,"(56, -23)",34.7,1758678808.0,1758678808.0
tile_56_-6,"(56, -6)",18.4,1758678808.0,1758678808.0
tile_54_-37,"(54, -37)",48.8,1758678808.0,1758678808.0
tile_54_-34,"(54, -34)",45.9,1758678808.0,1758678808.0
tile_54_-20,"(54, -20)",32.3,1758678808.0,1758678808.0
tile_54_-10,"(54, -10)",22.8,1758678808.0,1758678808.0
tile_54_5,"(54, 5)",10.8,1758678808.0,1758678808.0
tile_54_22,"(54, 22)",14.2,1758678808.0,1758678808.0
tile_54_34,"(54, 34)",24.7,1758678808.0,1758678808.0
tile_55_-6,"(55, -6)",18.8,1758678808.0,1758678808.0
tile_52_3,"(52, 3)",13.6,1758678808.0,1758678808.0
tile_52_37,"(52, 37)",28.2,1758678808.0,1758678808.0
tile_53_-37,"(53, -37)",49.0,1758678808.0,1758678808.0
tile_53_-28,"(53, -28)",40.3,1758678808.0,1758678808.0
tile_53_-14,"(53, -14)",26.9,1758678808.0,1758678808.0
tile_53_-13,"(53, -13)",26.0,1758678808.0,1758678808.0
tile_53_44,"(53, 44)",34.5,1758678808.0,1758678808.0
tile_53_46,"(53, 46)",36.4,1758678808.0,1758678808.0
tile_51_2,"(51, 2)",15.0,1758678808.0,1758678808.0
tile_51_12,"(51, 12)",12.0,1758678808.0,1758678808.0
tile_51_14,"(51, 14)",12.4,1758678808.0,1758678808.0
tile_52_-37,"(52, -37)",49.2,1758678808.0,1758678808.0
tile_52_-36,"(52, -36)",48.3,1758678808.0,1758678808.0
tile_52_-34,"(52, -34)",46.3,1758678808.0,1758678808.0
tile_52_-31,"(52, -31)",43.4,1758678808.0,1758678808.0
tile_52_-1,"(52, -1)",16.3,1758678808.0,1758678808.0
tile_60_-22,"(60, -22)",33.1,1758678808.0,1758678808.0
tile_60_-19,"(60, -19)",30.1,1758678808.0,1758678808.0
tile_60_-17,"(60, -17)",28.2,1758678808.0,1758678808.0
tile_60_14,"(60, 14)",4.2,1758678808.0,1758678808.0
tile_60_15,"(60, 15)",5.0,1758678808.0,1758678808.0
tile_60_30,"(60, 30)",19.2,1758678808.0,1758678808.0
tile_60_38,"(60, 38)",27.2,1758678808.0,1758678808.0
tile_60_42,"(60, 42)",31.1,1758678808.0,1758678808.0
tile_58_26,"(58, 26)",15.8,1758678808.0,1758678808.0
tile_58_32,"(58, 32)",21.6,1758678808.0,1758678808.0
tile_58_33,"(58, 33)",22.6,1758678808.0,1758678808.0
tile_58_39,"(58, 39)",28.4,1758678808.0,1758678808.0
tile_58_42,"(58, 42)",31.4,1758678808.0,1758678808.0
tile_58_47,"(58, 47)",36.3,1758678808.0,1758678808.0
tile_59_-19,"(59, -19)",30.3,1758678808.0,1758678808.0
tile_60_-27,"(60, -27)",38.1,1758678808.0,1758678808.0
tile_57_7,"(57, 7)",7.2,1758678808.0,1758678808.0
tile_57_15,"(57, 15)",7.2,1758678808.0,1758678808.0
tile_57_21,"(57, 21)",11.7,1758678808.0,1758678808.0
tile_57_39,"(57, 39)",28.6,1758678808.0,1758678808.0
tile_57_40,"(57, 40)",29.6,1758678808.0,1758678808.0
tile_58_-24,"(58, -24)",35.4,1758678808.0,1758678808.0
tile_58_-13,"(58, -13)",24.5,1758678808.0,1758678808.0
tile_58_14,"(58, 14)",5.8,1758678808.0,1758678808.0
tile_56_4,"(56, 4)",9.9,1758678808.0,1758678808.0
tile_56_16,"(56, 16)",8.6,1758678808.0,1758678808.0
tile_56_21,"(56, 21)",12.2,1758678808.0,1758678808.0
tile_56_32,"(56, 32)",22.1,1758678808.0,1758678808.0
tile_57_-29,"(57, -29)",40.4,1758678808.0,1758678808.0
tile_57_-24,"(57, -24)",35.5,1758678808.0,1758678808.0
tile_57_-8,"(57, -8)",19.9,1758678808.0,1758678808.0
tile_57_3,"(57, 3)",10.0,1758678808.0,1758678808.0
tile_64_-19,"(64, -19)",30.0,1758678808.0,1758678808.0
tile_64_7,"(64, 7)",4.1,1758678808.0,1758678808.0
tile_64_32,"(64, 32)",21.0,1758678808.0,1758678808.0
tile_64_40,"(64, 40)",29.0,1758678808.0,1758678808.0
tile_64_46,"(64, 46)",35.0,1758678808.0,1758678808.0
tile_65_-37,"(65, -37)",48.0,1758678808.0,1758678808.0
tile_65_-29,"(65, -29)",40.0,1758678808.0,1758678808.0
tile_65_-28,"(65, -28)",39.1,1758678808.0,1758678808.0
tile_63_-30,"(63, -30)",41.0,1758678808.0,1758678808.0
tile_63_-28,"(63, -28)",39.0,1758678808.0,1758678808.0
tile_63_23,"(63, 23)",12.0,1758678808.0,1758678808.0
tile_63_28,"(63, 28)",17.0,1758678808.0,1758678808.0
tile_64_-37,"(64, -37)",48.0,1758678808.0,1758678808.0
tile_64_-36,"(64, -36)",47.0,1758678808.0,1758678808.0
tile_64_-35,"(64, -35)",46.0,1758678808.0,1758678808.0
tile_64_-25,"(64, -25)",36.0,1758678808.0,1758678808.0
tile_62_-16,"(62, -16)",27.0,1758678808.0,1758678808.0
tile_62_-5,"(62, -5)",16.0,1758678808.0,1758678808.0
tile_62_-3,"(62, -3)",14.0,1758678808.0,1758678808.0
tile_62_2,"(62, 2)",9.1,1758678808.0,1758678808.0
tile_62_24,"(62, 24)",13.0,1758678808.0,1758678808.0
tile_62_28,"(62, 28)",17.0,1758678808.0,1758678808.0
tile_62_35,"(62, 35)",24.0,1758678808.0,1758678808.0
tile_63_-37,"(63, -37)",48.0,1758678808.0,1758678808.0
tile_61_-26,"(61, -26)",37.1,1758678808.0,1758678808.0
tile_61_-18,"(61, -18)",29.1,1758678808.0,1758678808.0
tile_61_-4,"(61, -4)",15.1,1758678808.0,1758678808.0
tile_61_13,"(61, 13)",2.8,1758678808.0,1758678808.0
tile_61_36,"(61, 36)",25.1,1758678808.0,1758678808.0
tile_61_47,"(61, 47)",36.1,1758678808.0,1758678808.0
tile_62_-35,"(62, -35)",46.0,1758678808.0,1758678808.0
tile_62_-33,"(62, -33)",44.0,1758678808.0,1758678808.0
tile_68_-16,"(68, -16)",27.5,1758678808.0,1758678808.0
tile_68_-11,"(68, -11)",22.6,1758678808.0,1758678808.0
tile_68_-9,"(68, -9)",20.6,1758678808.0,1758678808.0
tile_68_2,"(68, 2)",10.3,1758678808.0,1758678808.0
tile_68_31,"(68, 31)",20.6,1758678808.0,1758678808.0
tile_68_34,"(68, 34)",23.5,1758678808.0,1758678808.0
tile_68_35,"(68, 35)",24.5,1758678808.0,1758678808.0
tile_69_-38,"(69, -38)",49.4,1758678808.0,1758678808.0
tile_66_18,"(66, 18)",7.6,1758678808.0,1758678808.0
tile_67_-36,"(67, -36)",47.2,1758678808.0,1758678808.0
tile_67_-16,"(67, -16)",27.3,1758678808.0,1758678808.0
tile_67_-11,"(67, -11)",22.4,1758678808.0,1758678808.0
tile_67_2,"(67, 2)",9.8,1758678808.0,1758678808.0
tile_67_4,"(67, 4)",8.1,1758678808.0,1758678808.0
tile_67_21,"(67, 21)",10.8,1758678808.0,1758678808.0
tile_68_-37,"(68, -37)",48.3,1758678808.0,1758678808.0
tile_66_-31,"(66, -31)",42.1,1758678808.0,1758678808.0
tile_66_-17,"(66, -17)",28.2,1758678808.0,1758678808.0
tile_66_-16,"(66, -16)",27.2,1758678808.0,1758678808.0
tile_66_-15,"(66, -15)",26.2,1758678808.0,1758678808.0
tile_66_-3,"(66, -3)",14.3,1758678808.0,1758678808.0
tile_66_-1,"(66, -1)",12.4,1758678808.0,1758678808.0
tile_66_1,"(66, 1)",10.4,1758678808.0,1758678808.0
tile_66_4,"(66, 4)",7.6,1758678808.0,1758678808.0
tile_65_-26,"(65, -26)",37.1,1758678808.0,1758678808.0
tile_65_-16,"(65, -16)",27.1,1758678808.0,1758678808.0
tile_65_0,"(65, 0)",11.2,1758678808.0,1758678808.0
tile_65_12,"(65, 12)",2.2,1758678808.0,1758678808.0
tile_65_24,"(65, 24)",13.2,1758678808.0,1758678808.0
tile_66_-38,"(66, -38)",49.1,1758678808.0,1758678808.0
tile_66_-33,"(66, -33)",44.1,1758678808.0,1758678808.0
tile_66_-32,"(66, -32)",43.1,1758678808.0,1758678808.0
tile_72_21,"(72, 21)",13.5,1758678808.0,1758678808.0
tile_72_22,"(72, 22)",14.2,1758678808.0,1758678808.0
tile_72_24,"(72, 24)",15.8,1758678808.0,1758678808.0
tile_72_44,"(72, 44)",34.2,1758678808.0,1758678808.0
tile_72_45,"(72, 45)",35.2,1758678808.0,1758678808.0
tile_73_-37,"(73, -37)",49.0,1758678808.0,1758678808.0
tile_73_-15,"(73, -15)",27.9,1758678808.0,1758678808.0
tile_73_-2,"(73, -2)",16.4,1758678808.0,1758678808.0
tile_72_-38,"(72, -38)",49.8,1758678808.0,1758678808.0
tile_72_-36,"(72, -36)",47.9,1758678808.0,1758678808.0
tile_72_-32,"(72, -32)",43.9,1758678808.0,1758678808.0
tile_72_-18,"(72, -18)",30.4,1758678808.0,1758678808.0
tile_72_-14,"(72, -14)",26.6,1758678808.0,1758678808.0
tile_72_-4,"(72, -4)",17.5,1758678808.0,1758678808.0
tile_72_3,"(72, 3)",12.0,1758678808.0,1758678808.0
tile_72_13,"(72, 13)",9.2,1758678808.0,1758678808.0
tile_70_16,"(70, 16)",8.6,1758678808.0,1758678808.0
tile_70_31,"(70, 31)",21.2,1758678808.0,1758678808.0
tile_70_36,"(70, 36)",26.0,1758678808.0,1758678808.0
tile_71_-26,"(71, -26)",37.9,1758678808.0,1758678808.0
tile_71_-4,"(71, -4)",17.0,1758678808.0,1758678808.0
tile_71_30,"(71, 30)",20.6,1758678808.0,1758678808.0
tile_71_31,"(71, 31)",21.5,1758678808.0,1758678808.0
tile_71_47,"(71, 47)",36.9,1758678808.0,1758678808.0
tile_69_-29,"(69, -29)",40.4,1758678808.0,1758678808.0
tile_69_-21,"(69, -21)",32.6,1758678808.0,1758678808.0
tile_69_-16,"(69, -16)",27.7,1758678808.0,1758678808.0
tile_69_35,"(69, 35)",24.7,1758678808.0,1758678808.0
tile_70_-37,"(70, -37)",48.5,1758678808.0,1758678808.0
tile_70_-20,"(70, -20)",31.8,1758678808.0,1758678808.0
tile_70_2,"(70, 2)",11.4,1758678808.0,1758678808.0
tile_70_13,"(70, 13)",7.3,1758678808.0,1758678808.0
tile_76_45,"(76, 45)",36.4,1758678808.0,1758678808.0
tile_76_46,"(76, 46)",37.3,1758678808.0,1758678808.0
tile_77_-31,"(77, -31)",44.3,1758678808.0,1758678808.0
tile_77_-29,"(77, -29)",42.4,1758678808.0,1758678808.0
tile_77_-26,"(77, -26)",39.6,1758678808.0,1758678808.0
tile_77_-25,"(77, -25)",38.6,1758678808.0,1758678808.0
tile_77_-19,"(77, -19)",33.1,1758678808.0,1758678808.0
tile_77_-4,"(77, -4)",20.5,1758678808.0,1758678808.0
tile_76_-31,"(76, -31)",44.0,1758678808.0,1758678808.0
tile_76_-28,"(76, -28)",41.1,1758678808.0,1758678808.0
tile_76_-21,"(76, -21)",34.5,1758678808.0,1758678808.0
tile_76_-9,"(76, -9)",23.9,1758678808.0,1758678808.0
tile_76_-5,"(76, -5)",20.6,1758678808.0,1758678808.0
tile_76_13,"(76, 13)",13.2,1758678808.0,1758678808.0
tile_76_27,"(76, 27)",20.6,1758678808.0,1758678808.0
tile_76_38,"(76, 38)",30.0,1758678808.0,1758678808.0
tile_75_-28,"(75, -28)",40.8,1758678808.0,1758678808.0
tile_75_-21,"(75, -21)",34.2,1758678808.0,1758678808.0
tile_75_-15,"(75, -15)",28.6,1758678808.0,1758678808.0
tile_75_11,"(75, 11)",12.0,1758678808.0,1758678808.0
tile_75_22,"(75, 22)",16.3,1758678808.0,1758678808.0
tile_75_37,"(75, 37)",28.6,1758678808.0,1758678808.0
tile_75_40,"(75, 40)",31.4,1758678808.0,1758678808.0
tile_75_46,"(75, 46)",37.0,1758678808.0,1758678808.0
tile_73_-1,"(73, -1)",15.6,1758678808.0,1758678808.0
tile_73_0,"(73, 0)",14.9,1758678808.0,1758678808.0
tile_73_29,"(73, 29)",20.6,1758678808.0,1758678808.0
tile_73_43,"(73, 43)",33.5,1758678808.0,1758678808.0
tile_74_-23,"(74, -23)",35.7,1758678808.0,1758678808.0
tile_74_-1,"(74, -1)",16.3,1758678808.0,1758678808.0
tile_74_0,"(74, 0)",15.6,1758678808.0,1758678808.0
tile_75_-32,"(75, -32)",44.6,1758678808.0,1758678808.0
tile_80_15,"(80, 15)",17.5,1758678808.0,1758678808.0
tile_80_31,"(80, 31)",26.2,1758678808.0,1758678808.0
tile_80_40,"(80, 40)",33.6,1758678808.0,1758678808.0
tile_80_46,"(80, 46)",38.9,1758678808.0,1758678808.0
tile_81_-30,"(81, -30)",44.8,1758678808.0,1758678808.0
tile_81_-25,"(81, -25)",40.2,1758678808.0,1758678808.0
tile_81_-13,"(81, -13)",30.0,1758678808.0,1758678808.0
tile_81_-4,"(81, -4)",23.4,1758678808.0,1758678808.0
tile_79_25,"(79, 25)",21.3,1758678808.0,1758678808.0
tile_79_36,"(79, 36)",29.7,1758678808.0,1758678808.0
tile_79_44,"(79, 44)",36.7,1758678808.0,1758678808.0
tile_80_-31,"(80, -31)",45.3,1758678808.0,1758678808.0
tile_80_-30,"(80, -30)",44.4,1758678808.0,1758678808.0
tile_80_-26,"(80, -26)",40.7,1758678808.0,1758678808.0
tile_80_-24,"(80, -24)",38.9,1758678808.0,1758678808.0
tile_80_-14,"(80, -14)",30.2,1758678808.0,1758678808.0
tile_78_6,"(78, 6)",15.8,1758678808.0,1758678808.0
tile_78_8,"(78, 8)",15.3,1758678808.0,1758678808.0
tile_78_9,"(78, 9)",15.1,1758678808.0,1758678808.0
tile_78_47,"(78, 47)",39.0,1758678808.0,1758678808.0
tile_79_-34,"(79, -34)",47.8,1758678808.0,1758678808.0
tile_79_-31,"(79, -31)",44.9,1758678808.0,1758678808.0
tile_79_-27,"(79, -27)",41.2,1758678808.0,1758678808.0
tile_79_-18,"(79, -18)",33.1,1758678808.0,1758678808.0
tile_77_0,"(77, 0)",17.8,1758678808.0,1758678808.0
tile_77_12,"(77, 12)",14.0,1758678808.0,1758678808.0
tile_77_20,"(77, 20)",16.6,1758678808.0,1758678808.0
tile_77_22,"(77, 22)",17.8,1758678808.0,1758678808.0
tile_77_35,"(77, 35)",27.8,1758678808.0,1758678808.0
tile_77_36,"(77, 36)",28.7,1758678808.0,1758678808.0
tile_78_-32,"(78, -32)",45.5,1758678808.0,1758678808.0
tile_78_-13,"(78, -13)",28.3,1758678808.0,1758678808.0
tile_85_-14,"(85, -14)",33.3,1758678808.0,1758678808.0
tile_85_-7,"(85, -7)",28.4,1758678808.0,1758678808.0
tile_85_15,"(85, 15)",22.4,1758678808.0,1758678808.0
tile_85_20,"(85, 20)",23.8,1758678808.0,1758678808.0
tile_85_39,"(85, 39)",35.6,1758678808.0,1758678808.0
tile_85_40,"(85, 40)",36.4,1758678808.0,1758678808.0
tile_86_-33,"(86, -33)",49.6,1758678808.0,1758678808.0
tile_86_-13,"(86, -13)",33.2,1758678808.0,1758678808.0
tile_84_-13,"(84, -13)",31.9,1758678808.0,1758678808.0
tile_84_11,"(84, 11)",21.0,1758678808.0,1758678808.0
tile_84_12,"(84, 12)",21.0,1758678808.0,1758678808.0
tile_84_26,"(84, 26)",25.8,1758678808.0,1758678808.0
tile_84_39,"(84, 39)",35.0,1758678808.0,1758678808.0
tile_85_-31,"(85, -31)",47.4,1758678808.0,1758678808.0
tile_85_-24,"(85, -24)",41.3,1758678808.0,1758678808.0
tile_85_-17,"(85, -17)",35.6,1758678808.0,1758678808.0
tile_83_-7,"(83, -7)",26.9,1758678808.0,1758678808.0
tile_83_-5,"(83, -5)",25.6,1758678808.0,1758678808.0
tile_83_14,"(83, 14)",20.2,1758678808.0,1758678808.0
tile_83_25,"(83, 25)",24.4,1758678808.0,1758678808.0
tile_83_34,"(83, 34)",30.5,1758678808.0,1758678808.0
tile_83_38,"(83, 38)",33.6,1758678808.0,1758678808.0
tile_84_-23,"(84, -23)",40.0,1758678808.0,1758678808.0
tile_84_-14,"(84, -14)",32.6,1758678808.0,1758678808.0
tile_81_22,"(81, 22)",21.1,1758678808.0,1758678808.0
tile_82_-32,"(82, -32)",47.0,1758678808.0,1758678808.0
tile_82_-13,"(82, -13)",30.6,1758678808.0,1758678808.0
tile_82_21,"(82, 21)",21.5,1758678808.0,1758678808.0
tile_82_32,"(82, 32)",28.3,1758678808.0,1758678808.0
tile_83_-12,"(83, -12)",30.5,1758678808.0,1758678808.0
tile_83_-10,"(83, -10)",29.0,1758678808.0,1758678808.0
tile_83_-8,"(83, -8)",27.6,1758678808.0,1758678808.0
tile_91_-14,"(91, -14)",37.5,1758678808.0,1758678808.0
tile_91_-10,"(91, -10)",35.0,1758678808.0,1758678808.0
tile_91_-7,"(91, -7)",33.3,1758678808.0,1758678808.0
tile_91_45,"(91, 45)",44.0,1758678808.0,1758678808.0
tile_91_47,"(91, 47)",45.6,1758678808.0,1758678808.0
tile_92_-27,"(92, -27)",47.8,1758678808.0,1758678808.0
tile_92_-18,"(92, -18)",41.0,1758678808.0,1758678808.0
tile_92_-4,"(92, -4)",32.6,1758678808.0,1758678808.0
tile_90_-29,"(90, -29)",48.3,1758678808.0,1758678808.0
tile_90_-14,"(90, -14)",36.8,1758678808.0,1758678808.0
tile_90_-2,"(90, -2)",30.0,1758678808.0,1758678808.0
tile_90_12,"(90, 12)",27.0,1758678808.0,1758678808.0
tile_90_29,"(90, 29)",32.4,1758678808.0,1758678808.0
tile_90_45,"(90, 45)",43.4,1758678808.0,1758678808.0
tile_90_46,"(90, 46)",44.2,1758678808.0,1758678808.0
tile_91_-18,"(91, -18)",40.3,1758678808.0,1758678808.0
tile_88_34,"(88, 34)",34.0,1758678808.0,1758678808.0
tile_88_41,"(88, 41)",39.1,1758678808.0,1758678808.0
tile_88_43,"(88, 43)",40.6,1758678808.0,1758678808.0
tile_88_47,"(88, 47)",43.8,1758678808.0,1758678808.0
tile_89_-17,"(89, -17)",38.2,1758678808.0,1758678808.0
tile_89_9,"(89, 9)",26.1,1758678808.0,1758678808.0
tile_89_17,"(89, 17)",26.7,1758678808.0,1758678808.0
tile_89_33,"(89, 33)",34.1,1758678808.0,1758678808.0
tile_86_-8,"(86, -8)",29.8,1758678808.0,1758678808.0
tile_86_9,"(86, 9)",23.1,1758678808.0,1758678808.0
tile_86_26,"(86, 26)",27.5,1758678808.0,1758678808.0
tile_87_-31,"(87, -31)",48.4,1758678808.0,1758678808.0
tile_87_-21,"(87, -21)",40.0,1758678808.0,1758678808.0
tile_87_30,"(87, 30)",30.6,1758678808.0,1758678808.0
tile_87_41,"(87, 41)",38.4,1758678808.0,1758678808.0
tile_88_-29,"(88, -29)",47.2,1758678808.0,1758678808.0
tile_95_-7,"(95, -7)",36.7,1758678808.0,1758678808.0
tile_95_5,"(95, 5)",32.6,1758678808.0,1758678808.0
tile_95_12,"(95, 12)",32.0,1758678808.0,1758678808.0
tile_95_21,"(95, 21)",33.5,1758678808.0,1758678808.0
tile_95_28,"(95, 28)",36.2,1758678808.0,1758678808.0
tile_95_29,"(95, 29)",36.7,1758678808.0,1758678808.0
tile_95_41,"(95, 41)",43.9,1758678808.0,1758678808.0
tile_96_3,"(96, 3)",34.0,1758678808.0,1758678808.0
tile_94_-8,"(94, -8)",36.4,1758678808.0,1758678808.0
tile_94_6,"(94, 6)",31.4,1758678808.0,1758678808.0
tile_94_11,"(94, 11)",31.0,1758678808.0,1758678808.0
tile_94_21,"(94, 21)",32.6,1758678808.0,1758678808.0
tile_94_27,"(94, 27)",34.9,1758678808.0,1758678808.0
tile_94_28,"(94, 28)",35.4,1758678808.0,1758678808.0
tile_94_40,"(94, 40)",42.4,1758678808.0,1758678808.0
tile_95_-11,"(95, -11)",38.8,1758678808.0,1758678808.0
tile_93_-8,"(93, -8)",35.5,1758678808.0,1758678808.0
tile_93_-6,"(93, -6)",34.5,1758678808.0,1758678808.0
tile_93_21,"(93, 21)",31.6,1758678808.0,1758678808.0
tile_93_29,"(93, 29)",35.0,1758678808.0,1758678808.0
tile_93_35,"(93, 35)",38.4,1758678808.0,1758678808.0
tile_94_-24,"(94, -24)",46.8,1758678808.0,1758678808.0
tile_94_-19,"(94, -19)",43.1,1758678808.0,1758678808.0
tile_94_-18,"(94, -18)",42.4,1758678808.0,1758678808.0
tile_92_3,"(92, 3)",30.1,1758678808.0,1758678808.0
tile_92_17,"(92, 17)",29.6,1758678808.0,1758678808.0
tile_92_26,"(92, 26)",32.6,1758678808.0,1758678808.0
tile_92_27,"(92, 27)",33.1,1758678808.0,1758678808.0
tile_92_30,"(92, 30)",34.7,1758678808.0,1758678808.0
tile_92_41,"(92, 41)",41.7,1758678808.0,1758678808.0
tile_92_44,"(92, 44)",43.9,1758678808.0,1758678808.0
tile_93_-14,"(93, -14)",39.1,1758678808.0,1758678808.0
tile_101_5,"(101, 5)",38.5,1758678808.0,1758678808.0
tile_101_15,"(101, 15)",38.2,1758678808.0,1758678808.0
tile_101_22,"(101, 22)",39.6,1758678808.0,1758678808.0
tile_101_35,"(101, 35)",44.9,1758678808.0,1758678808.0
tile_101_36,"(101, 36)",45.5,1758678808.0,1758678808.0
tile_102_-9,"(102, -9)",43.8,1758678808.0,1758678808.0
tile_102_3,"(102, 3)",39.8,1758678808.0,1758678808.0
tile_102_28,"(102, 28)",42.5,1758678808.0,1758678808.0
tile_100_26,"(100, 26)",39.9,1758678808.0,1758678808.0
tile_100_27,"(100, 27)",40.3,1758678808.0,1758678808.0
tile_100_36,"(100, 36)",44.7,1758678808.0,1758678808.0
tile_101_-17,"(101, -17)",47.2,1758678808.0,1758678808.0
tile_101_-4,"(101, -4)",40.9,1758678808.0,1758678808.0
tile_101_-3,"(101, -3)",40.5,1758678808.0,1758678808.0
tile_101_0,"(101, 0)",39.6,1758678808.0,1758678808.0
tile_101_2,"(101, 2)",39.1,1758678808.0,1758678808.0
tile_97_29,"(97, 29)",38.5,1758678808.0,1758678808.0
tile_97_36,"(97, 36)",42.2,1758678808.0,1758678808.0
tile_98_5,"(98, 5)",35.5,1758678808.0,1758678808.0
tile_99_11,"(99, 11)",36.0,1758678808.0,1758678808.0
tile_100_-12,"(100, -12)",43.6,1758678808.0,1758678808.0
tile_100_3,"(100, 3)",37.9,1758678808.0,1758678808.0
tile_100_5,"(100, 5)",37.5,1758678808.0,1758678808.0
tile_100_24,"(100, 24)",39.2,1758678808.0,1758678808.0
tile_96_6,"(96, 6)",33.4,1758678808.0,1758678808.0
tile_96_12,"(96, 12)",33.0,1758678808.0,1758678808.0
tile_96_13,"(96, 13)",33.1,1758678808.0,1758678808.0
tile_96_33,"(96, 33)",39.7,1758678808.0,1758678808.0
tile_97_-23,"(97, -23)",48.1,1758678808.0,1758678808.0
tile_97_-9,"(97, -9)",39.4,1758678808.0,1758678808.0
tile_97_8,"(97, 8)",34.1,1758678808.0,1758678808.0
tile_97_20,"(97, 20)",35.2,1758678808.0,1758678808.0
tile_111_14,"(111, 14)",48.1,1758678808.0,1758678808.0
tile_34_-18,"(34, -18)",41.0,1758678808.0,1758678808.0
tile_34_-13,"(34, -13)",37.6,1758678808.0,1758678808.0
tile_34_0,"(34, 0)",31.0,1758678808.0,1758678808.0
tile_34_12,"(34, 12)",29.0,1758678808.0,1758678808.0
tile_34_41,"(34, 41)",41.7,1758678808.0,1758678808.0
tile_35_-4,"(35, -4)",31.8,1758678808.0,1758678808.0
tile_35_-3,"(35, -3)",31.3,1758678808.0,1758678808.0
tile_31_-14,"(31, -14)",40.6,1758678808.0,1758678808.0
tile_32_-28,"(32, -28)",49.8,1758678808.0,1758678808.0
tile_32_-24,"(32, -24)",46.8,1758678808.0,1758678808.0
tile_32_-15,"(32, -15)",40.5,1758678808.0,1758678808.0
tile_32_5,"(32, 5)",31.6,1758678808.0,1758678808.0
tile_33_-16,"(33, -16)",40.4,1758678808.0,1758678808.0
tile_33_15,"(33, 15)",30.3,1758678808.0,1758678808.0
tile_33_33,"(33, 33)",37.2,1758678808.0,1758678808.0
tile_29_-9,"(29, -9)",39.4,1758678808.0,1758678808.0
tile_29_-5,"(29, -5)",37.6,1758678808.0,1758678808.0
tile_29_9,"(29, 9)",34.1,1758678808.0,1758678808.0
tile_30_-23,"(30, -23)",47.4,1758678808.0,1758678808.0
tile_30_-14,"(30, -14)",41.4,1758678808.0,1758678808.0
tile_30_9,"(30, 9)",33.1,1758678808.0,1758678808.0
tile_31_-24,"(31, -24)",47.4,1758678808.0,1758678808.0
tile_31_-17,"(31, -17)",42.5,1758678808.0,1758678808.0
tile_110_15,"(110, 15)",47.2,1758678808.0,1758678808.0
tile_27_41,"(27, 41)",46.9,1758678808.0,1758678808.0
tile_28_-20,"(28, -20)",46.8,1758678808.0,1758678808.0
tile_28_-19,"(28, -19)",46.1,1758678808.0,1758678808.0
tile_28_-12,"(28, -12)",41.9,1758678808.0,1758678808.0
tile_28_6,"(28, 6)",35.4,1758678808.0,1758678808.0
tile_28_11,"(28, 11)",35.0,1758678808.0,1758678808.0
tile_28_26,"(28, 26)",38.1,1758678808.0,1758678808.0
tile_112_17,"(112, 17)",49.4,1758678808.0,1758678808.0
tile_20_3,"(20, 3)",43.7,1758678808.0,1758678808.0
tile_106_1,"(106, 1)",44.1,1758678808.0,1758678808.0
tile_27_5,"(27, 5)",36.5,1758678808.0,1758678808.0
tile_25_22,"(25, 22)",39.6,1758678808.0,1758678808.0
tile_102_31,"(102, 31)",43.8,1758678808.0,1758678808.0
tile_33_34,"(33, 34)",37.8,1758678808.0,1758678808.0
tile_107_-11,"(107, -11)",49.2,1758678808.0,1758678808.0
tile_107_-10,"(107, -10)",48.8,1758678808.0,1758678808.0
tile_107_-1,"(107, -1)",45.6,1758678808.0,1758678808.0
tile_107_12,"(107, 12)",44.0,1758678808.0,1758678808.0
tile_107_18,"(107, 18)",44.6,1758678808.0,1758678808.0
tile_107_26,"(107, 26)",46.5,1758678808.0,1758678808.0
tile_108_2,"(108, 2)",45.9,1758678808.0,1758678808.0
tile_109_0,"(109, 0)",47.3,1758678808.0,1758678808.0
tile_109_10,"(109, 10)",46.0,1758678808.0,1758678808.0
tile_109_14,"(109, 14)",46.1,1758678808.0,1758678808.0
tile_109_22,"(109, 22)",47.3,1758678808.0,1758678808.0
tile_40_7,"(40, 7)",23.3,1758678954.0,1758678808.0
tile_40_12,"(40, 12)",23.0,1758678959.0,1758678808.0
